-- =============================================================================
-- PROJ-116 — consolidated DD report pentest (reusable regression / H6 live-smoke)
-- =============================================================================
-- Verifies dd_report_consolidated (SECURITY INVOKER) over the deployed
-- PROJ-112 (dd_streams) / 113 (dd_questions) / 114 (dd_findings) tables.
-- Because the RPC runs as the CALLER, the RESTRICTIVE need-to-know policies on
-- those tables filter rows BEFORE aggregation, so a caller sees neither a
-- higher-classified stream's aggregate (H4) nor any of its red-flag rows
-- (H2/H3). Granting a clearance flips visibility on → proves the gate is real,
-- not hard-coded. Migration 20260629084539.
--
-- HOW TO RUN: privileged role (postgres / service_role). Self-rolling-back DO
-- block (raises P116_RESULT, 0 residue incl. auth.users).
--
-- EXPECTED (all must hold):
--   A  admin sees all 3 streams (standard + confidential + strict)
--   B  admin red_flags = 3, deal_breaker sorted first
--   C  non-cleared member sees ONLY the standard stream (H4)
--   D  non-cleared member red_flags exclude every confidential/strict row (H2/H3)
--   E  member aggregate for the visible stream is correct (qa + severity counts)
--   F  confidential-clearance grant → member sees standard+confidential but NOT
--      strict (ordered levels), and exactly 2 red_flags
--   G  anon role cannot EXECUTE the function (revoke, H1)
--   H  cross-tenant member gets 0 streams / 0 red_flags (no leak)
-- Result 2026-06-30: A–H 8/8 PASS, 0 residue.
-- =============================================================================
do $pen$
declare
  t1  uuid := 'd1160000-0000-0000-0000-000000000001';
  t2  uuid := 'd1160000-0000-0000-0000-000000000002';   -- foreign tenant
  mgr uuid := 'd1160000-0000-0000-0000-0000000000a0';   -- admin + deal lead
  spo uuid := 'd1160000-0000-0000-0000-0000000000a1';   -- sponsor
  mem uuid := 'd1160000-0000-0000-0000-0000000000b0';   -- plain member, non-cleared
  frn uuid := 'd1160000-0000-0000-0000-0000000000c0';   -- foreign-tenant member
  p1  uuid := 'd11b0000-0000-0000-0000-000000000016';
  s1 uuid; s2 uuid; s3 uuid;
  rep jsonb; r text := E'\n'; n int; v text;
begin
  insert into auth.users (id) values (mgr),(spo),(mem),(frn);
  insert into public.profiles (id,email,display_name) values
    (mgr,'r116q-mgr@pen.local','MGR'),(spo,'r116q-spo@pen.local','SPO'),
    (mem,'r116q-mem@pen.local','MEM'),(frn,'r116q-for@pen.local','FOR');
  insert into public.tenants (id,name) values (t1,'P116Q-T1'),(t2,'P116Q-T2');
  insert into public.tenant_memberships (tenant_id,user_id,role) values
    (t1,mgr,'admin'),(t1,spo,'member'),(t1,mem,'member'),(t2,frn,'admin');
  insert into public.projects (id,tenant_id,name,responsible_user_id,project_type,created_by)
    values (p1,t1,'P116Q Proj',mgr,'ma',mgr);
  insert into public.ma_project_profiles (tenant_id,project_id,sponsor_user_id,created_by)
    values (t1,p1,spo,mgr);
  insert into public.project_memberships (project_id,user_id,role,created_by) values
    (p1,spo,'editor',mgr),(p1,mem,'editor',mgr);
  insert into public.dd_streams (tenant_id,project_id,stream_key,label,confidentiality_level,sort_order,created_by)
    values (t1,p1,'legal','Legal','standard',1,mgr) returning id into s1;
  insert into public.dd_streams (tenant_id,project_id,stream_key,label,confidentiality_level,sort_order,created_by)
    values (t1,p1,'tax','Tax','confidential',2,mgr) returning id into s2;
  insert into public.dd_streams (tenant_id,project_id,stream_key,label,confidentiality_level,sort_order,created_by)
    values (t1,p1,'hr','HR','strict',3,mgr) returning id into s3;
  insert into public.dd_questions (tenant_id,project_id,dd_stream_id,title,status,created_by) values
    (t1,p1,s1,'Q-open','open',mgr),(t1,p1,s1,'Q-answered','answered',mgr);

  perform set_config('role','authenticated',true);
  perform set_config('request.jwt.claims', json_build_object('sub',mgr,'role','authenticated')::text, true);
  perform public.create_dd_finding(s1,'Niedrig',null,'niedrig',null,null,null,null,null);
  perform public.create_dd_finding(s1,'Mittel',null,'mittel',50000::numeric,null,null,null,null);
  perform public.create_dd_finding(s1,'RF Legal','x','hoch',300000::numeric,null,'garantie',null,null);
  perform public.create_dd_finding(s2,'RF Tax','x','deal_breaker',900000::numeric,null,'kaufpreisanpassung',null,'confidential');
  perform public.create_dd_finding(s3,'RF HR','x','hoch',120000::numeric,null,'freistellung',null,'strict');

  -- A/B admin (cleared via admin bypass) sees everything ----------------------
  rep := public.dd_report_consolidated(p1);
  r := r||'A '||(case when jsonb_array_length(rep->'streams')=3 then 'PASS' else 'FAIL('||jsonb_array_length(rep->'streams')||')' end)||' admin sees all 3 streams'||E'\n';
  r := r||'B '||(case when jsonb_array_length(rep->'red_flags')=3 and (rep->'red_flags'->0->>'severity')='deal_breaker' then 'PASS' else 'FAIL('||jsonb_array_length(rep->'red_flags')||'/'||coalesce(rep->'red_flags'->0->>'severity','-')||')' end)||' admin 3 red_flags, deal_breaker first'||E'\n';

  -- C/D/E non-cleared member: standard stream only ----------------------------
  perform set_config('request.jwt.claims', json_build_object('sub',mem,'role','authenticated')::text, true);
  rep := public.dd_report_consolidated(p1);
  r := r||'C '||(case when jsonb_array_length(rep->'streams')=1 and (rep->'streams'->0->>'label')='Legal' then 'PASS' else 'FAIL('||jsonb_array_length(rep->'streams')||')' end)||' member only standard stream (H4)'||E'\n';
  select count(*) into n from jsonb_array_elements(rep->'red_flags') e where (e->>'dd_stream_id') in (s2::text,s3::text);
  r := r||'D '||(case when jsonb_array_length(rep->'red_flags')=1 and n=0 then 'PASS' else 'FAIL(total='||jsonb_array_length(rep->'red_flags')||',leak='||n||')' end)||' member 0 conf/strict red_flags (H2/H3)'||E'\n';
  r := r||'E '||(case when (rep->'streams'->0->>'findings_total')='3' and (rep->'streams'->0->>'sev_hoch')='1' and (rep->'streams'->0->>'qa_open')='1' and (rep->'streams'->0->>'qa_answered')='1' then 'PASS' else 'FAIL' end)||' member aggregate correct'||E'\n';

  -- F confidential clearance → std+conf, NOT strict (ordered levels) ----------
  perform set_config('request.jwt.claims', json_build_object('sub',mgr,'role','authenticated')::text, true);
  perform public.grant_confidentiality_clearance(p1, mem, 'confidential'::ma_confidentiality_level, null, null);
  perform set_config('request.jwt.claims', json_build_object('sub',mem,'role','authenticated')::text, true);
  rep := public.dd_report_consolidated(p1);
  select count(*) into n from jsonb_array_elements(rep->'streams') e where (e->>'dd_stream_id')=s3::text;
  r := r||'F '||(case when jsonb_array_length(rep->'streams')=2 and n=0 and jsonb_array_length(rep->'red_flags')=2 then 'PASS' else 'FAIL(s='||jsonb_array_length(rep->'streams')||',strict='||n||',rf='||jsonb_array_length(rep->'red_flags')||')' end)||' confidential-cleared sees std+conf NOT strict'||E'\n';

  -- G anon cannot execute (H1) ------------------------------------------------
  perform set_config('role','anon',true);
  begin perform public.dd_report_consolidated(p1); v:='FAIL(no error)';
  exception when others then v:=(case when sqlstate='42501' then 'PASS' else 'WRONG '||sqlstate end); end;
  r := r||'G '||v||' anon execute revoked (H1)'||E'\n';

  -- H cross-tenant member: no leak --------------------------------------------
  perform set_config('role','authenticated',true);
  perform set_config('request.jwt.claims', json_build_object('sub',frn,'role','authenticated')::text, true);
  rep := public.dd_report_consolidated(p1);
  r := r||'H '||(case when jsonb_array_length(rep->'streams')=0 and jsonb_array_length(rep->'red_flags')=0 then 'PASS' else 'FAIL(s='||jsonb_array_length(rep->'streams')||',rf='||jsonb_array_length(rep->'red_flags')||')' end)||' cross-tenant 0/0 (no leak)'||E'\n';

  -- Surface results as the abort message → guarantees rollback (0 residue).
  raise exception 'P116_RESULT:%', r;
end
$pen$;
