-- =============================================================================
-- PROJ-100c — 4-eyes clearance approval gate pentest (reusable regression)
-- =============================================================================
-- Verifies the 100c layer on the 100a/100b need-to-know gate: the optional,
-- tenant-enabled approval policy routes a sensitive grant to a pending request;
-- the clearance is written only once the configured number of named approvers
-- (≠ requester — separation of duty) approve. Migration 20260624125208.
--
-- HOW TO RUN: privileged role (postgres / service_role). Self-rolling-back DO
-- block (raises P100C_PENTEST_ROLLBACK, 0 residue incl. auth.users).
-- The grant/apply byte-identity when no policy is enabled is the AC-C1 guard:
-- PROJ-100b-clearance-profiles-pentest.sql + PROJ-100a-need-to-know-pentest.sql
-- MUST stay green after this slice (gate is a purely additive branch).
--
-- EXPECTED (all must hold):
--   A enabled policy → grant creates a pending request (no clearance)
--   B while pending, target has NO access (AC-C8)
--   C requester cannot approve own request (SoD, AC-C2)
--   D a user not in the approver pool cannot approve (eligibility)
--   E 1 of 2 required approvals keeps the request pending (M-of-N)
--   F an approver cannot vote twice (one vote/approver)
--   G quorum reached → approved + clearance granted via system path; the final
--     (non-admin) approver suffices (AC-C7); target now has access
--   H the event log is append-only (AC-C6)
--   I cross-tenant cannot see requests or gain access (tenant isolation)
--   K cancel → request cancelled, no clearance created
-- Result 2026-06-25: A–K 10/10 PASS, 0 residue.
-- =============================================================================
do $pen$
declare
  t1 uuid := 'c1c10000-0000-0000-0000-000000000001';
  t2 uuid := 'c1c10000-0000-0000-0000-000000000002';
  ureq uuid := 'c1c10000-0000-0000-0000-0000000000a0'; -- requester (t1 admin)
  uap1 uuid := 'c1c10000-0000-0000-0000-0000000000a1'; -- approver 1
  uap2 uuid := 'c1c10000-0000-0000-0000-0000000000a2'; -- approver 2
  utgt uuid := 'c1c10000-0000-0000-0000-0000000000b0'; -- target (non-admin)
  unon uuid := 'c1c10000-0000-0000-0000-0000000000c0'; -- member, not an approver
  uxt  uuid := 'c1c10000-0000-0000-0000-0000000000e2'; -- t2 admin (cross-tenant)
  p1 uuid := 'c1b00000-0000-0000-0000-000000000001';
  req uuid; req2 uuid; r text := E'\n'; n int; v text; v_acc boolean;
begin
  insert into auth.users (id) values (ureq),(uap1),(uap2),(utgt),(unon),(uxt);
  insert into public.profiles (id,email,display_name) values
    (ureq,'c-req@pen.local','REQ'),(uap1,'c-a1@pen.local','A1'),(uap2,'c-a2@pen.local','A2'),
    (utgt,'c-tgt@pen.local','TGT'),(unon,'c-non@pen.local','NON'),(uxt,'c-xt@pen.local','XT');
  insert into public.tenants (id,name) values (t1,'P100C-T1'),(t2,'P100C-T2');
  insert into public.tenant_memberships (tenant_id,user_id,role) values
    (t1,ureq,'admin'),(t1,uap1,'member'),(t1,uap2,'member'),(t1,utgt,'member'),(t1,unon,'member'),(t2,uxt,'admin');
  insert into public.projects (id,tenant_id,name,responsible_user_id,project_type,created_by)
    values (p1,t1,'P100C Proj',ureq,'ma',ureq);
  insert into public.project_memberships (project_id,user_id,role,created_by) values
    (p1,uap1,'editor',ureq),(p1,uap2,'editor',ureq),(p1,utgt,'editor',ureq),(p1,unon,'editor',ureq);
  insert into public.ma_clearance_approval_policies (tenant_id,level,enabled,persons_required) values
    (t1,'strict',true,2),(t1,'confidential',true,1);
  insert into public.ma_clearance_approvers (tenant_id,level,approver_user_id) values
    (t1,null,uap1),(t1,null,uap2);

  perform set_config('role','authenticated',true);

  perform set_config('request.jwt.claims', json_build_object('sub',ureq,'role','authenticated')::text, true);
  perform public.grant_confidentiality_clearance(p1,utgt,'strict',null,null);
  select count(*) into n from public.ma_clearance_grant_requests where project_id=p1 and status='pending' and requested_level='strict';
  select id into req from public.ma_clearance_grant_requests where project_id=p1 and requested_level='strict' and status='pending';
  r := r || 'A '||(case when n=1 then 'PASS' else 'FAIL' end)||' gated->pending n='||coalesce(n::text,'?')||E'\n';

  perform set_config('request.jwt.claims', json_build_object('sub',utgt,'role','authenticated')::text, true);
  v_acc := coalesce(public.can_access_classified(p1,'strict'),true);
  r := r || 'B '||(case when v_acc=false then 'PASS' else 'FAIL' end)||' pending->no access (C8)'||E'\n';

  perform set_config('request.jwt.claims', json_build_object('sub',ureq,'role','authenticated')::text, true);
  begin perform public.record_clearance_approval_response(req,'approve'); v:='FAIL';
  exception when others then v:=(case when sqlstate='42501' then 'PASS' else 'WRONG '||sqlstate end); end;
  r := r || 'C '||v||' SoD self-approve blocked (C2)'||E'\n';

  perform set_config('request.jwt.claims', json_build_object('sub',unon,'role','authenticated')::text, true);
  begin perform public.record_clearance_approval_response(req,'approve'); v:='FAIL';
  exception when others then v:=(case when sqlstate='42501' then 'PASS' else 'WRONG '||sqlstate end); end;
  r := r || 'D '||v||' non-approver blocked'||E'\n';

  perform set_config('request.jwt.claims', json_build_object('sub',uap1,'role','authenticated')::text, true);
  perform public.record_clearance_approval_response(req,'approve');
  select status into v from public.ma_clearance_grant_requests where id=req;
  r := r || 'E '||(case when v='pending' then 'PASS' else 'FAIL' end)||' 1/2 still pending'||E'\n';

  begin perform public.record_clearance_approval_response(req,'approve'); v:='FAIL';
  exception when others then v:=(case when sqlstate='23505' then 'PASS' else 'WRONG '||sqlstate end); end;
  r := r || 'F '||v||' double-vote blocked'||E'\n';

  perform set_config('request.jwt.claims', json_build_object('sub',uap2,'role','authenticated')::text, true);
  perform public.record_clearance_approval_response(req,'approve');
  select status into v from public.ma_clearance_grant_requests where id=req;
  perform set_config('request.jwt.claims', json_build_object('sub',utgt,'role','authenticated')::text, true);
  v_acc := coalesce(public.can_access_classified(p1,'strict'),false);
  r := r || 'G '||(case when v='approved' and v_acc then 'PASS' else 'FAIL' end)||' quorum->approved+access (C7)'||E'\n';

  reset role;
  begin update public.ma_clearance_request_events set action='reject' where request_id=req; v:='FAIL';
  exception when others then v:=(case when sqlstate='42501' then 'PASS' else 'WRONG '||sqlstate end); end;
  r := r || 'H '||v||' events immutable (C6)'||E'\n';
  perform set_config('role','authenticated',true);

  perform set_config('request.jwt.claims', json_build_object('sub',uxt,'role','authenticated')::text, true);
  select count(*) into n from public.ma_clearance_grant_requests where project_id=p1;
  v_acc := coalesce(public.can_access_classified(p1,'strict'),true);
  r := r || 'I '||(case when n=0 and v_acc=false then 'PASS' else 'FAIL' end)||' cross-tenant isolation'||E'\n';

  perform set_config('request.jwt.claims', json_build_object('sub',ureq,'role','authenticated')::text, true);
  perform public.grant_confidentiality_clearance(p1,unon,'confidential',null,null);
  select id into req2 from public.ma_clearance_grant_requests where project_id=p1 and requested_level='confidential' and status='pending';
  perform public.cancel_clearance_grant_request(req2);
  select status into v from public.ma_clearance_grant_requests where id=req2;
  select count(*) into n from public.ma_confidentiality_clearances where project_id=p1 and user_id=unon;
  r := r || 'K '||(case when v='cancelled' and n=0 then 'PASS' else 'FAIL' end)||' cancel->no clearance'||E'\n';

  reset role;
  raise exception 'P100C_PENTEST_ROLLBACK %', r;
end $pen$;
