-- =============================================================================
-- PROJ-113 — DD Q&A (dd_questions) RLS Penetration Test (reusable regression)
-- =============================================================================
-- Verifies the need-to-know FLOOR + gate-on-all-axes + status-RPC clearance
-- re-check + tenant isolation + export-RLS-completeness + audit visibility on
-- dd_questions (migration 20260625124849) under a REAL `authenticated` role.
--
-- HOW TO RUN: execute the whole DO block as postgres/service_role. Seeds marked
-- fixtures (tenant 'P113-PENTEST-*', uuids 0c130000-…), probes via
-- `set role authenticated` + request.jwt.claims, ROLLS BACK atomically via a
-- final RAISE (0 residue). Re-run after any change to dd_questions policies,
-- the floor trigger, or transition_dd_question_status.
--
-- IDENTITIES: UA …b1 = T1 admin · UN …b2 = T1 member + project-editor (no
-- clearance) · UC …b3 = T1 member + editor, cleared 'confidential' · UX …b4 =
-- T2 admin (cross-tenant).
-- OBJECTS (T1): project P · dd_stream S_conf(confidential) · question Q in S_conf.
--
-- EXPECTED (all `t`):
--   FLOOR-a standard-in-confidential clamps to confidential
--   FLOOR-b explicit strict kept
--   GATE-select  uncleared editor sees Q = 0
--   GATE-insert  uncleared editor INSERT into confidential stream blocked (42501)
--   GATE-update  uncleared editor UPDATE Q rows = 0
--   GATE-delete  uncleared editor DELETE Q rows = 0
--   RPC          uncleared editor status transition blocked (42501)
--   CLEARED      cleared editor sees Q = 1 AND transition ok
--   XTENANT      T2 admin sees T1 questions = 0
--   EXPORT-RLS   uncleared editor's visible-question count (= export contents) = 0
--   AUDIT        title-change audit row >=1 ; can_read_audit_entry admin = true
-- =============================================================================

do $$
declare
  T1 uuid := '0c130000-0000-0000-0000-00000000a101';
  T2 uuid := '0c130000-0000-0000-0000-00000000a102';
  UA uuid := '0c130000-0000-0000-0000-00000000b101';
  UN uuid := '0c130000-0000-0000-0000-00000000b102';
  UC uuid := '0c130000-0000-0000-0000-00000000b103';
  UX uuid := '0c130000-0000-0000-0000-00000000b104';
  P  uuid := '0c130000-0000-0000-0000-00000000c101';
  S  uuid := '0c130000-0000-0000-0000-00000000d101';
  Q  uuid;
  v_log text := E'\n'; n int; v_lvl text; r int;
  cUA text := '{"sub":"0c130000-0000-0000-0000-00000000b101","role":"authenticated"}';
  cUN text := '{"sub":"0c130000-0000-0000-0000-00000000b102","role":"authenticated"}';
  cUC text := '{"sub":"0c130000-0000-0000-0000-00000000b103","role":"authenticated"}';
  cUX text := '{"sub":"0c130000-0000-0000-0000-00000000b104","role":"authenticated"}';
begin
  insert into auth.users (id) values (UA),(UN),(UC),(UX) on conflict do nothing;
  insert into public.profiles (id,email,display_name) values
    (UA,'p113-ua@pentest.local','UA'),(UN,'p113-un@pentest.local','UN'),
    (UC,'p113-uc@pentest.local','UC'),(UX,'p113-ux@pentest.local','UX') on conflict do nothing;
  insert into public.tenants (id,name) values (T1,'P113-PENTEST-T1'),(T2,'P113-PENTEST-T2') on conflict do nothing;
  insert into public.tenant_memberships (tenant_id,user_id,role) values
    (T1,UA,'admin'),(T1,UN,'member'),(T1,UC,'member'),(T2,UX,'admin') on conflict do nothing;
  insert into public.projects (id,tenant_id,name,created_by,responsible_user_id,project_type) values
    (P,T1,'P113 Deal',UA,UA,'ma') on conflict do nothing;
  insert into public.project_memberships (project_id,user_id,role,created_by) values
    (P,UN,'editor',UA),(P,UC,'editor',UA) on conflict do nothing;
  insert into public.dd_streams (id,tenant_id,project_id,stream_key,label,created_by,confidentiality_level) values
    (S,T1,P,'legal','Legal',UA,'confidential') on conflict do nothing;
  insert into public.ma_confidentiality_clearances (tenant_id,project_id,user_id,max_level,granted_by) values
    (T1,P,UC,'confidential',UA) on conflict (tenant_id,project_id,user_id) do nothing;

  -- FLOOR: insert 'standard' into a confidential stream -> clamps to confidential
  insert into public.dd_questions (tenant_id,project_id,dd_stream_id,title,confidentiality_level,created_by)
    values (T1,P,S,'Q floor','standard',UA) returning id into Q;
  select confidentiality_level::text into v_lvl from public.dd_questions where id=Q;
  v_log := v_log || format('FLOOR-a standard->%s (expect confidential): %s', v_lvl, v_lvl='confidential') || E'\n';
  update public.dd_questions set confidentiality_level='strict' where id=Q;
  select confidentiality_level::text into v_lvl from public.dd_questions where id=Q;
  v_log := v_log || format('FLOOR-b raise->%s kept (expect strict): %s', v_lvl, v_lvl='strict') || E'\n';
  update public.dd_questions set confidentiality_level='confidential' where id=Q;

  -- GATE under authenticated: uncleared editor (UN)
  execute 'set role authenticated';
  perform set_config('request.jwt.claims', cUN, true);
  select count(*) into n from public.dd_questions where id=Q;
  v_log := v_log || format('GATE-select uncleared sees Q n=%s (expect 0): %s', n, n=0) || E'\n';
  begin
    insert into public.dd_questions (tenant_id,project_id,dd_stream_id,title,confidentiality_level,created_by)
      values (T1,P,S,'sneak','standard',UN);
    v_log := v_log || 'GATE-insert uncleared INSERT into confidential stream NOT BLOCKED <<FAIL>>' || E'\n';
  exception when insufficient_privilege then
    v_log := v_log || 'GATE-insert uncleared insert blocked (42501): true' || E'\n';
  end;
  update public.dd_questions set title='HACKED' where id=Q;
  get diagnostics r = row_count;
  v_log := v_log || format('GATE-update uncleared update rows=%s (expect 0): %s', r, r=0) || E'\n';
  delete from public.dd_questions where id=Q;
  get diagnostics r = row_count;
  v_log := v_log || format('GATE-delete uncleared delete rows=%s (expect 0): %s', r, r=0) || E'\n';
  begin
    perform public.transition_dd_question_status(Q,'in_answering',null);
    v_log := v_log || 'RPC uncleared transition NOT BLOCKED <<FAIL>>' || E'\n';
  exception when insufficient_privilege then
    v_log := v_log || 'RPC uncleared transition blocked (42501): true' || E'\n';
  end;
  -- EXPORT-RLS: what an uncleared export would contain = visible rows
  select count(*) into n from public.dd_questions where project_id=P;
  v_log := v_log || format('EXPORT-RLS uncleared visible-count n=%s (expect 0): %s', n, n=0) || E'\n';

  -- CLEARED editor (UC) sees + can transition
  perform set_config('request.jwt.claims', cUC, true);
  select count(*) into n from public.dd_questions where id=Q;
  v_log := v_log || format('CLEARED editor sees Q n=%s (expect 1): %s', n, n=1) || E'\n';
  perform public.transition_dd_question_status(Q,'in_answering',null);
  select status into v_lvl from public.dd_questions where id=Q;
  v_log := v_log || format('CLEARED editor transition ok -> %s: %s', v_lvl, v_lvl='in_answering') || E'\n';

  -- CROSS-TENANT: T2 admin sees nothing of T1
  perform set_config('request.jwt.claims', cUX, true);
  select count(*) into n from public.dd_questions where project_id=P;
  v_log := v_log || format('XTENANT T2 admin sees T1 questions n=%s (expect 0): %s', n, n=0) || E'\n';

  -- AUDIT
  execute 'reset role';
  perform set_config('request.jwt.claims', cUA, true);
  update public.dd_questions set title='Q retitled' where id=Q;
  select count(*) into n from public.audit_log_entries where entity_type='dd_questions' and entity_id=Q and field_name='title';
  v_log := v_log || format('AUDIT title-change rows=%s (expect>=1): %s', n, n>=1) || E'\n';
  v_log := v_log || format('AUDIT can_read_audit_entry admin=%s (expect t)', public.can_read_audit_entry('dd_questions',Q,T1)) || E'\n';

  execute 'reset role';
  raise exception 'PROJ113_PENTEST_ROLLBACK %', v_log;
end $$;
