-- =============================================================================
-- PROJ-100a — Need-to-Know-RLS Penetration Test (reusable regression script)
-- =============================================================================
-- Verifies AC-100a-SEC (all 6 attack vectors) + positive/edge paths against the
-- confidentiality gate from migration 20260616100000_proj100a_need_to_know_rls.
--
-- HOW TO RUN: execute section-by-section against the target DB as a privileged
-- role (postgres/service_role). The script SEEDS marked data (tenant
-- 'P100A-PENTEST-*'), runs role-based probes via SET ROLE authenticated +
-- request.jwt.claims, and TEARS DOWN with a 0-residue check. Re-run after any
-- change to the gate migration, can_access_classified, or the RESTRICTIVE
-- policies on projects/phases/work_items.
--
-- IDENTITIES:
--   UA 1111… = T1 tenant-admin
--   UN 2222… = T1 member + project-editor, cleared 'confidential' on P_conf
--   UX 3333… = T2 tenant-admin
-- OBJECTS (T1): P_conf(confidential) P_strict(strict) P_std(standard);
--               Phase(strict) + WI_conf(confidential) + WI_strict(strict) in P_conf
--          (T2): P_t2(confidential)
--
-- NOTE on a KNOWN BUG (QA 2026-06-18, H-1): grant/revoke RPCs currently FAIL in
-- prod because 'ma_confidentiality_clearances' is missing from the
-- audit_log_entity_type_check constraint. The seed below inserts the clearance
-- DIRECTLY (bypassing the RPC) so the RLS probes still run. The grant-RPC
-- audit path (section 9) is the failing case — keep it to confirm the fix.
-- =============================================================================

-- --- Section 1: SEED (run as postgres/service_role) --------------------------
insert into auth.users (id) values
  ('11111111-1111-1111-1111-111111111111'),('22222222-2222-2222-2222-222222222222'),('33333333-3333-3333-3333-333333333333')
on conflict do nothing;
insert into public.profiles (id, email, display_name) values
  ('11111111-1111-1111-1111-111111111111','p100a-ua@pentest.local','P100A UA'),
  ('22222222-2222-2222-2222-222222222222','p100a-un@pentest.local','P100A UN'),
  ('33333333-3333-3333-3333-333333333333','p100a-ux@pentest.local','P100A UX')
on conflict do nothing;
insert into public.tenants (id, name) values
  ('0a000000-0000-0000-0000-000000000001','P100A-PENTEST-T1'),
  ('0a000000-0000-0000-0000-000000000002','P100A-PENTEST-T2')
on conflict do nothing;
insert into public.tenant_memberships (tenant_id, user_id, role) values
  ('0a000000-0000-0000-0000-000000000001','11111111-1111-1111-1111-111111111111','admin'),
  ('0a000000-0000-0000-0000-000000000001','22222222-2222-2222-2222-222222222222','member'),
  ('0a000000-0000-0000-0000-000000000002','33333333-3333-3333-3333-333333333333','admin')
on conflict do nothing;
insert into public.projects (id, tenant_id, name, responsible_user_id, created_by, confidentiality_level) values
  ('0b000000-0000-0000-0000-000000000001','0a000000-0000-0000-0000-000000000001','P100A Conf','11111111-1111-1111-1111-111111111111','11111111-1111-1111-1111-111111111111','confidential'),
  ('0b000000-0000-0000-0000-000000000002','0a000000-0000-0000-0000-000000000001','P100A Strict','11111111-1111-1111-1111-111111111111','11111111-1111-1111-1111-111111111111','strict'),
  ('0b000000-0000-0000-0000-000000000003','0a000000-0000-0000-0000-000000000001','P100A Std','11111111-1111-1111-1111-111111111111','11111111-1111-1111-1111-111111111111','standard'),
  ('0b000000-0000-0000-0000-000000000004','0a000000-0000-0000-0000-000000000002','P100A T2 Conf','33333333-3333-3333-3333-333333333333','33333333-3333-3333-3333-333333333333','confidential')
on conflict do nothing;
insert into public.project_memberships (project_id, user_id, role, created_by) values
  ('0b000000-0000-0000-0000-000000000001','22222222-2222-2222-2222-222222222222','editor','11111111-1111-1111-1111-111111111111'),
  ('0b000000-0000-0000-0000-000000000002','22222222-2222-2222-2222-222222222222','editor','11111111-1111-1111-1111-111111111111'),
  ('0b000000-0000-0000-0000-000000000003','22222222-2222-2222-2222-222222222222','editor','11111111-1111-1111-1111-111111111111')
on conflict do nothing;
insert into public.phases (id, tenant_id, project_id, name, sequence_number, created_by, confidentiality_level) values
  ('0c000000-0000-0000-0000-000000000001','0a000000-0000-0000-0000-000000000001','0b000000-0000-0000-0000-000000000001','P100A Phase Strict',1,'11111111-1111-1111-1111-111111111111','strict')
on conflict do nothing;
insert into public.work_items (id, tenant_id, project_id, kind, title, created_by, confidentiality_level) values
  ('0d000000-0000-0000-0000-000000000001','0a000000-0000-0000-0000-000000000001','0b000000-0000-0000-0000-000000000001','task','P100A WI Conf','11111111-1111-1111-1111-111111111111','confidential'),
  ('0d000000-0000-0000-0000-000000000002','0a000000-0000-0000-0000-000000000001','0b000000-0000-0000-0000-000000000001','task','P100A WI Strict','11111111-1111-1111-1111-111111111111','strict')
on conflict do nothing;
-- direct insert (RPC currently broken by H-1); UN cleared up to 'confidential' on P_conf
insert into public.ma_confidentiality_clearances (tenant_id, project_id, user_id, max_level, granted_by) values
  ('0a000000-0000-0000-0000-000000000001','0b000000-0000-0000-0000-000000000001','22222222-2222-2222-2222-222222222222','confidential','11111111-1111-1111-1111-111111111111')
on conflict (tenant_id,project_id,user_id) do nothing;

-- --- Section 2: VECTOR 1+4 — non-admin cleared (cross-clearance + default-deny)
-- EXPECT: projects ["P100A Conf","P100A Std"]; work_items ["P100A WI Conf"]; phases []
set role authenticated;
set request.jwt.claims = '{"sub":"22222222-2222-2222-2222-222222222222","role":"authenticated"}';
select 'V1+4 UN' as probe,
  (select jsonb_agg(name order by name) from projects where name like 'P100A%') as projects,
  (select jsonb_agg(title order by title) from work_items where title like 'P100A%') as work_items,
  (select jsonb_agg(name order by name) from phases where name like 'P100A%') as phases,
  public.can_access_classified('0b000000-0000-0000-0000-000000000001','confidential') as conf_true,
  public.can_access_classified('0b000000-0000-0000-0000-000000000001','strict') as strict_false;
reset role;

-- --- Section 3: VECTOR 3 — cross-tenant (UX = T2 admin) ----------------------
-- EXPECT: only ["P100A T2 Conf"]; both can_access on a T1 project = false
set role authenticated;
set request.jwt.claims = '{"sub":"33333333-3333-3333-3333-333333333333","role":"authenticated"}';
select 'V3 UX' as probe,
  (select jsonb_agg(name order by name) from projects where name like 'P100A%') as projects,
  public.can_access_classified('0b000000-0000-0000-0000-000000000001','confidential') as t1_conf_false;
reset role;

-- --- Section 4: VECTOR 2 — self-grant escalation (EXPECT errors) -------------
set role authenticated;
set request.jwt.claims = '{"sub":"22222222-2222-2222-2222-222222222222","role":"authenticated"}';
-- EXPECT 42501 "not authorized to grant clearances":
-- select public.grant_confidentiality_clearance('0b000000-0000-0000-0000-000000000002','22222222-2222-2222-2222-222222222222','strict');
-- EXPECT 42501 RLS policy violation:
-- insert into public.ma_confidentiality_clearances (tenant_id,project_id,user_id,max_level,granted_by)
--   values ('0a000000-0000-0000-0000-000000000001','0b000000-0000-0000-0000-000000000002','22222222-2222-2222-2222-222222222222','strict','22222222-2222-2222-2222-222222222222');
reset role;

-- --- Section 5: VECTOR 2c+5 — bypass writes (rollback-marker; EXPECT all 0) --
set role authenticated;
set request.jwt.claims = '{"sub":"22222222-2222-2222-2222-222222222222","role":"authenticated"}';
do $$
declare r_promote int; r_downgrade int; r_wi int; r_phase int;
begin
  update public.project_memberships set role='lead'
    where project_id='0b000000-0000-0000-0000-000000000002' and user_id='22222222-2222-2222-2222-222222222222';
  get diagnostics r_promote = row_count;
  update public.projects set confidentiality_level='standard' where id='0b000000-0000-0000-0000-000000000002';
  get diagnostics r_downgrade = row_count;
  update public.work_items set title='HACKED' where id='0d000000-0000-0000-0000-000000000002';
  get diagnostics r_wi = row_count;
  update public.phases set name='HACKED' where id='0c000000-0000-0000-0000-000000000001';
  get diagnostics r_phase = row_count;
  raise exception 'PROBE_RESULT promote=% downgrade=% wi=% phase=% (all must be 0)', r_promote, r_downgrade, r_wi, r_phase;
end $$;
reset role;
-- VECTOR 5c — UN cannot read clearances (managers-only). EXPECT 0:
set role authenticated;
set request.jwt.claims = '{"sub":"22222222-2222-2222-2222-222222222222","role":"authenticated"}';
select 'V5c' as probe, (select count(*) from public.ma_confidentiality_clearances) as readable_rows;
reset role;

-- --- Section 6: VECTOR 6 — Class-3 orthogonality (structural) ----------------
-- EXPECT: no privacy_class column on gate tables; gate fn does not mention it
select 'V6' as probe,
  (select count(*) from information_schema.columns
     where table_schema='public' and column_name='privacy_class'
       and table_name in ('projects','phases','work_items')) as gate_tables_with_privacy_class,
  position('privacy_class' in pg_get_functiondef('public.can_access_classified(uuid,public.ma_confidentiality_level)'::regprocedure)) as fn_mentions_privacy_class;

-- --- Section 7: edge — admin bypass (UA sees all T1 incl strict, not T2) -----
set role authenticated;
set request.jwt.claims = '{"sub":"11111111-1111-1111-1111-111111111111","role":"authenticated"}';
select 'edge-admin UA' as probe, (select jsonb_agg(name order by name) from projects where name like 'P100A%') as projects;
reset role;

-- --- Section 8: edge — expired clearance is ignored --------------------------
update public.ma_confidentiality_clearances set max_level='strict', valid_until=now()-interval '1 day'
  where project_id='0b000000-0000-0000-0000-000000000002' and user_id='22222222-2222-2222-2222-222222222222';
-- (only present if a strict row exists; otherwise insert one then test)
set role authenticated;
set request.jwt.claims = '{"sub":"22222222-2222-2222-2222-222222222222","role":"authenticated"}';
select 'edge-expired' as probe,
  public.can_access_classified('0b000000-0000-0000-0000-000000000002','strict') as expired_grants_false;
reset role;

-- --- Section 9: AC3 — grant/revoke audit path (CURRENTLY FAILS — H-1) --------
-- After the H-1 fix this must succeed and write 2 audit_log_entries rows.
-- set role authenticated;
-- set request.jwt.claims = '{"sub":"11111111-1111-1111-1111-111111111111","role":"authenticated"}';
-- set local audit.change_reason = 'P100A audit test';
-- select public.grant_confidentiality_clearance('0b000000-0000-0000-0000-000000000002','22222222-2222-2222-2222-222222222222','confidential');
-- select public.revoke_confidentiality_clearance('0b000000-0000-0000-0000-000000000002','22222222-2222-2222-2222-222222222222');
-- reset role;
-- select count(*) as audit_rows from audit_log_entries
--   where tenant_id='0a000000-0000-0000-0000-000000000001' and entity_type='ma_confidentiality_clearances'; -- EXPECT 2

-- --- Section 10: TEARDOWN (0-residue) ----------------------------------------
reset role;
set session_replication_role = replica;  -- suppress enforce_admin_invariant during cleanup
delete from public.ma_confidentiality_clearances where project_id in (select id from projects where name like 'P100A%');
delete from public.work_items where title like 'P100A%';
delete from public.phases where name like 'P100A%';
delete from public.project_memberships where project_id in (select id from projects where name like 'P100A%');
delete from public.audit_log_entries where tenant_id in (select id from tenants where name like 'P100A-PENTEST%');
delete from public.projects where name like 'P100A%';
delete from public.tenant_memberships where tenant_id in (select id from tenants where name like 'P100A-PENTEST%');
delete from public.tenants where name like 'P100A-PENTEST%';
delete from public.profiles where email like 'p100a-%@pentest.local';
delete from auth.users where id in ('11111111-1111-1111-1111-111111111111','22222222-2222-2222-2222-222222222222','33333333-3333-3333-3333-333333333333');
set session_replication_role = origin;
select 'residue' as check,
  (select count(*) from projects where name like 'P100A%') as projects,
  (select count(*) from tenants where name like 'P100A%') as tenants;  -- EXPECT 0,0
